RIC,A.BK
RIC,AA.V
RIC,AAAU.K
RIC,AABA.OQ
RIC,AAC.AX
RIC,AADR.P
RIC,AAL.L
RIC,AAMC.K
RIC,AAME.OQ
RIC,AAN.MW
RIC,AAOI.O
RIC,AAON.OQ
RIC,AAP.AX
RIC,AAPL.OQ
RIC,AAT.V
RIC,8515.SG
RIC,AAWW.O
RIC,AAXJ.O
RIC,AAXN.OQ
RIC,AB.C
RIC,ABB.ST
RIC,ABBV.B
RIC,ABCB.BH
RIC,ABCB.OQ
RIC,A1JFG4X.BE
RIC,ABEO.O
RIC,ABEV.ZY
RIC,ABGJ.J
RIC,ABIL.O
RIC,ABIO.PA
RIC,ABMG.BE
RIC,ABMD.OQ
RIC,ABX.BE
RIC,ABT.S
RIC,ABTX.O
RIC,ABUS.O
RIC,ACCP.PA
RIC,CAGR.PA
RIC,ACAD.OQ
RIC,ACBstat.AX
RIC,ACBI.OQ
RIC,ACC.BK
RIC,ACCO.N
RIC,ACER.O
RIC,ACCS.NR
RIC,ACET.OQ
RIC,ACGL.OQ
RIC,ACH.MW
RIC,ACHC.O
RIC,ACHN.MX
RIC,ACHV.OQ
RIC,US0044341065=TRE
RIC,LP40197195
RIC,ACIU.OQ
RIC,ACIW.OQ
RIC,ACLS.OQ
RIC,ACM.P
RIC,ACMR.O
RIC,ACG1V.SG
RIC,ACNB.O
RIC,ACOR.DF
RIC,ACPP.WA
RIC,ACRE.C
RIC,ACRS.B
RIC,ACRX.O
RIC,ACSG.K
RIC,LP40217140
RIC,ACST.V
RIC,ACTG.CY
RIC,ACTG.OQ
RIC,ACU.C
RIC,LP40211806
RIC,LP40211399
RIC,ACWI.O
RIC,ACWV.Z
RIC,ACWX.O
RIC,ACY.C
RIC,ADAP.DF
RIC,ADBE.OQ
RIC,ADCG.BE
RIC,ADES.JK
RIC,ADI.C
RIC,ADIL.O
RIC,ADM.BE
RIC,ADMA.O
RIC,ADMP.O
RIC,ADMS.Z
RIC,ADNT.K
RIC,ADOM.O
RIC,SWCO.SI
RIC,ADRA.OQ
RIC,ADRD.OQ
RIC,ADRE.OQ
RIC,ADROc.JK
RIC,ADRU.OQ
RIC,ADSGn.HA
RIC,ADSK.OQ
RIC,ADSW.B
RIC,ADT.L
RIC,ADUS.O
RIC,ADVM.OQ
RIC,CFMP.F
RIC,ADXS.O
RIC,AE.C
RIC,AEE.C
RIC,AEF.AX
RIC,AEGR.L
RIC,AEGN.OQ
RIC,AEHR.OQ
RIC,AEIS.OQ
RIC,AEL.MW
RIC,AEMU.KL
RIC,AEMD.O
RIC,AEO.L
RIC,ANEA.L
RIC,AER
RIC,AERI.C
RIC,AES.BE
RIC,AETI.OQ
RIC,AEY.MW
RIC,AEYE.O
RIC,AEZS.OQ
RIC,AFB.MW
RIC,AEOS.MU
RIC,ECOL.BE
RIC,AFI.AX
RIC,AFIF.BE
RIC,.ATXFIN
RIC,AFK.OL
RIC,AFL.MU
RIC,AFMD.DF
RIC,ANF.MU
RIC,LP40211194
RIC,AG
RIC,AGCO.C
RIC,AGD.AX
RIC,AGEG.MU
RIC,GASI.VI
RIC,AGF.HM
RIC,AGFS.ZY
RIC,AGG.AX
RIC,LP40215825
RIC,AGGP.L
RIC,LP40212618
RIC,AGI.AX
RIC,AGIO.C
RIC,AGLE.OQ
RIC,AGM.MW
RIC,AGMa.MW
RIC,AGMH.O
RIC,AEGN.AS
RIC,AGNC.O
RIC,LP40206080
RIC,AGO.MW
RIC,AGQ.P
RIC,AGRV.VI
RIC,AGRO.CY
RIC,AGRX.BEL
RIC,HRGS.SI
RIC,ATR.BE
RIC,AGTC.MW
RIC,AGX
RIC,AGYS.OQ
RIC,AGZ.V
RIC,LP40206081
RIC,AHC.BK
RIC,AHH.C
RIC,AHL.AX
RIC,AHPI.OQ
RIC,AHTG.F
RIC,AI.BK
RIC,AIA.AX
RIC,AIEQ.K
RIC,AIF.L
RIC,AIG.C
RIC,AIHS.O
RIC,AIIQ.K
RIC,AIMC.O
RIC,AIMT.DF
RIC,AIN.MX
RIC,DEA1KFHK.SG
RIC,AINV.OQ
RIC,AIPT.O
RIC,8298.BE
RIC,AIRA.L
RIC,AIRG.OQ
RIC,AIRI.K
RIC,LP40207012
RIC,AIRT.OQ
RIC,AIT.BK
RIC,AIV.TH
RIC,AIZ.MW
RIC,AJG.L
RIC,AJRD.MW
RIC,AJX.AX
RIC,AKAM.OQ
RIC,AKAO.C
RIC,AKBA.C
RIC,AKER.O
RIC,AKG.AX
RIC,AKOa.MW
RIC,AKOb.MW
RIC,ANIK.SG
RIC,AKR.L
RIC,AKRX.OQ
RIC,AKS.C
RIC,AKTS.O
RIC,AKTX.O
RIC,AL.TN
RIC,ASKA.KA
RIC,ALACR.OQ
RIC,ALACU.OQ
RIC,ALB.MC
RIC,ALBO.OQ
RIC,ALCO.OQ
RIC,HON.BE
RIC,ALDR.PA
RIC,ALDX.DF
RIC,6770.MU
RIC,ALEX.CA
RIC,ALFA.ST
RIC,MTVG.BE
RIC,ALGN.OQ
RIC,ALGR.MKE
RIC,ALGRR.OQ
RIC,ALGRU.O
RIC,ALGT.O
RIC,ALIM.O
RIC,ALJJ.O
RIC,ALK.AX
RIC,ALKS.OQ
RIC,ALL.C
RIC,ALLE.C
RIC,ALLK.C
RIC,ALLO.OQ
RIC,ALLT.OQ
RIC,ALLY.K
RIC,ALNA.O
RIC,ALNY.OQ
RIC,ALSO.PA
RIC,ALOT.OQ
RIC,ALPN.S
RIC,ALQA.O
RIC,ALRM.B
RIC,ALRN.O
RIC,ALSK.OQ
RIC,ALSN.S
RIC,ALTT.PA
RIC,ALTM.OQ
RIC,MO.VI
RIC,LP40209416
RIC,LP40212622
RIC,ALVG.BE
RIC,PHLX.AS
RIC,ALXN.OQ
RIC,ALYA.OQ
RIC,AVMD.PA
RIC,AMAG.C
RIC,AMAL.AM
RIC,AMAT.OQ
RIC,AMBA.B
RIC,AMBC.PH
RIC,AMBO.K
RIC,AMBR.C
RIC,AMC.BK
RIC,AMCAu.J
RIC,AMCI.OM
RIC,AMCIU.O
RIC,AMCN.O
RIC,AMCX.OQ
RIC,AMD.F
RIC,AME.C
RIC,AMED.OQ
RIC,AMEH.O
RIC,AMGN.F
RIC,AMGN.OQ
RIC,AMGP.K
RIC,AMH.AX
RIC,AMID.N
RIC,AMJ.B
RIC,AMJL.MW
RIC,AMKR.OQ
RIC,AMLP.P
RIC,AMMA.OQ
RIC,AMN.MX
RIC,AMNB.OQ
RIC,AMOT.OQ
RIC,AMOV.N
RIC,APE.MC
RIC,AMPE.K
RIC,AMPH.DF
RIC,CDUA.DEU
RIC,AMRB.OQ
RIC,AMRC.N
RIC,AMRH.O
RIC,AMRK.TA
RIC,AMRN.OQ
RIC,AMRX.K
RIC,AMSU.L
RIC,AMSC.OQ
RIC,AMSF.DF
RIC,AMSWA.O
RIC,AMTD.SG
RIC,AMTB.OQ
RIC,AMTBB.OQ
RIC,AMTD.OQ
RIC,AMTX.O
RIC,AMAG.BE
RIC,AMUB.P
RIC,AMWD.OQ
RIC,AMX.C
RIC,LP40209414
RIC,AMZN.OQ
RIC,AN.C
RIC,ANAB.OQ
RIC,ANAT.OQ
RIC,ANCX.OQ
RIC,ANDE.OQ
RIC,ANDX.N
RIC,ANET.K
RIC,ANF.C
RIC,ANFI.CA
RIC,.ANGI
RIC,ANGL.TA
RIC,ANGO.OQ
RIC,ANHJ.J
RIC,ANIK.OQ
RIC,ANIP.MW
RIC,ANIX.O
RIC,ANSS.OQ
RIC,ANTM.JK
RIC,ANYB.BU
RIC,AOA.DF
RIC,AOBC.MW
RIC,ANGJy.BE
RIC,AOK.AX
RIC,AOM.DF
RIC,8304.BE
RIC,AOR.L
RIC,DOX.MU
RIC,AOSL.O
RIC,AP.BK
RIC,APA.P
RIC,APAM.AS
RIC,APBS.KL
RIC,AAPL.BE
RIC,APD.TH
RIC,APDN.O
RIC,APEI.OQ
RIC,APEN.O
RIC,APF.C
RIC,ALAPH.L
RIC,APHA.TO
RIC,APHB.K
RIC,APLE.DY
RIC,A.BK
RIC,AA.V
RIC,AAAU.K
RIC,AABA.OQ
RIC,AAC.AX
RIC,AADR.P
RIC,AAL.L
RIC,AAMC.K
RIC,AAME.OQ
RIC,AAN.MW
RIC,AAOI.O
RIC,AAON.OQ
RIC,AAP.AX
RIC,AAPL.OQ
RIC,AAT.V
RIC,8515.SG
RIC,AAWW.O
RIC,AAXJ.O
RIC,AAXN.OQ
RIC,AB.C
RIC,ABB.ST
RIC,ABBV.B
RIC,ABCB.BH
RIC,ABCB.OQ
RIC,A1JFG4X.BE
RIC,ABEO.O
RIC,ABEV.ZY
RIC,ABGJ.J
RIC,ABIL.O
RIC,ABIO.PA
RIC,ABMG.BE
RIC,ABMD.OQ
RIC,ABX.BE
RIC,ABT.S
RIC,ABTX.O
RIC,ABUS.O
RIC,ACCP.PA
RIC,CAGR.PA
RIC,ACAD.OQ
RIC,ACBstat.AX
RIC,ACBI.OQ
RIC,ACC.BK
RIC,ACCO.N
RIC,ACER.O
RIC,ACCS.NR
RIC,ACET.OQ
RIC,ACGL.OQ
RIC,ACH.MW
RIC,ACHC.O
RIC,ACHN.MX
RIC,ACHV.OQ
RIC,US0044341065=TRE
RIC,LP40197195
RIC,ACIU.OQ
RIC,ACIW.OQ
RIC,ACLS.OQ
RIC,ACM.P
RIC,ACMR.O
RIC,ACG1V.SG
RIC,ACNB.O
RIC,ACOR.DF
RIC,ACPP.WA
RIC,ACRE.C
RIC,ACRS.B
RIC,ACRX.O
RIC,ACSG.K
RIC,LP40217140
RIC,ACST.V
RIC,ACTG.CY
RIC,ACTG.OQ
RIC,ACU.C
RIC,LP40211806
RIC,LP40211399
RIC,ACWI.O
RIC,ACWV.Z
RIC,ACWX.O
RIC,ACY.C
RIC,ADAP.DF
RIC,ADBE.OQ
RIC,ADCG.BE
RIC,ADES.JK
RIC,ADI.C
RIC,ADIL.O
RIC,ADM.BE
RIC,ADMA.O
RIC,ADMP.O
RIC,ADMS.Z
RIC,ADNT.K
RIC,ADOM.O
RIC,SWCO.SI
RIC,ADRA.OQ
RIC,ADRD.OQ
RIC,ADRE.OQ
RIC,ADROc.JK
RIC,ADRU.OQ
RIC,ADSGn.HA
RIC,ADSK.OQ
RIC,ADSW.B
RIC,ADT.L
RIC,ADUS.O
RIC,ADVM.OQ
RIC,CFMP.F
RIC,ADXS.O
RIC,AE.C
RIC,AEE.C
RIC,AEF.AX
RIC,AEGR.L
RIC,AEGN.OQ
RIC,AEHR.OQ
RIC,AEIS.OQ
RIC,AEL.MW
RIC,AEMU.KL
RIC,AEMD.O
RIC,AEO.L
RIC,ANEA.L
RIC,AER
RIC,AERI.C
RIC,AES.BE
RIC,AETI.OQ
RIC,AEY.MW
RIC,AEYE.O
RIC,AEZS.OQ
RIC,AFB.MW
RIC,AEOS.MU
RIC,ECOL.BE
RIC,AFI.AX
RIC,AFIF.BE
RIC,.ATXFIN
RIC,AFK.OL
RIC,AFL.MU
RIC,AFMD.DF
RIC,ANF.MU
RIC,LP40211194
RIC,AG
RIC,AGCO.C
RIC,AGD.AX
RIC,AGEG.MU
RIC,GASI.VI
RIC,AGF.HM
RIC,AGFS.ZY
RIC,AGG.AX
RIC,LP40215825
RIC,AGGP.L
RIC,LP40212618
RIC,AGI.AX
RIC,AGIO.C
RIC,AGLE.OQ
RIC,AGM.MW
RIC,AGMa.MW
RIC,AGMH.O
RIC,AEGN.AS
RIC,AGNC.O
RIC,LP40206080
RIC,AGO.MW
RIC,AGQ.P
RIC,AGRV.VI
RIC,AGRO.CY
RIC,AGRX.BEL
RIC,HRGS.SI
RIC,ATR.BE
RIC,AGTC.MW
RIC,AGX
RIC,AGYS.OQ
RIC,AGZ.V
RIC,LP40206081
RIC,AHC.BK
RIC,AHH.C
RIC,AHL.AX
RIC,AHPI.OQ
RIC,AHTG.F
RIC,AI.BK
RIC,AIA.AX
RIC,AIEQ.K
RIC,AIF.L
RIC,AIG.C
RIC,AIHS.O
RIC,AIIQ.K
RIC,AIMC.O
RIC,AIMT.DF
RIC,AIN.MX
RIC,DEA1KFHK.SG
RIC,AINV.OQ
RIC,AIPT.O
RIC,8298.BE
RIC,AIRA.L
RIC,AIRG.OQ
RIC,AIRI.K
RIC,LP40207012
RIC,AIRT.OQ
RIC,AIT.BK
RIC,AIV.TH
RIC,AIZ.MW
RIC,AJG.L
RIC,AJRD.MW
RIC,AJX.AX
RIC,AKAM.OQ
RIC,AKAO.C
RIC,AKBA.C
RIC,AKER.O
RIC,AKG.AX
RIC,AKOa.MW
RIC,AKOb.MW
RIC,ANIK.SG
RIC,AKR.L
RIC,AKRX.OQ
RIC,AKS.C
RIC,AKTS.O
RIC,AKTX.O
RIC,AL.TN
RIC,ASKA.KA
RIC,ALACR.OQ
RIC,ALACU.OQ
RIC,ALB.MC
RIC,ALBO.OQ
RIC,ALCO.OQ
RIC,HON.BE
RIC,ALDR.PA
RIC,ALDX.DF
RIC,6770.MU
RIC,ALEX.CA
RIC,ALFA.ST
RIC,MTVG.BE
RIC,ALGN.OQ
RIC,ALGR.MKE
RIC,ALGRR.OQ
RIC,ALGRU.O
RIC,ALGT.O
RIC,ALIM.O
RIC,ALJJ.O
RIC,ALK.AX
RIC,ALKS.OQ
RIC,ALL.C
RIC,ALLE.C
RIC,ALLK.C
RIC,ALLO.OQ
RIC,ALLT.OQ
RIC,ALLY.K
RIC,ALNA.O
RIC,ALNY.OQ
RIC,ALSO.PA
RIC,ALOT.OQ
RIC,ALPN.S
RIC,ALQA.O
RIC,ALRM.B
RIC,ALRN.O
RIC,ALSK.OQ
RIC,ALSN.S
RIC,ALTT.PA
RIC,ALTM.OQ
RIC,MO.VI
RIC,LP40209416
RIC,LP40212622
RIC,ALVG.BE
RIC,PHLX.AS
RIC,ALXN.OQ
RIC,ALYA.OQ
RIC,AVMD.PA
RIC,AMAG.C
RIC,AMAL.AM
RIC,AMAT.OQ
RIC,AMBA.B
RIC,AMBC.PH
RIC,AMBO.K
RIC,AMBR.C
RIC,AMC.BK
RIC,AMCAu.J
RIC,AMCI.OM
RIC,AMCIU.O
RIC,AMCN.O
RIC,AMCX.OQ
RIC,AMD.F
RIC,AME.C
RIC,AMED.OQ
RIC,AMEH.O
RIC,AMGN.F
RIC,AMGN.OQ
RIC,AMGP.K
RIC,AMH.AX
RIC,AMID.N
RIC,AMJ.B
RIC,AMJL.MW
RIC,AMKR.OQ
RIC,AMLP.P
RIC,AMMA.OQ
RIC,AMN.MX
RIC,AMNB.OQ
RIC,AMOT.OQ
RIC,AMOV.N
RIC,APE.MC
RIC,AMPE.K
RIC,AMPH.DF
RIC,CDUA.DEU
RIC,AMRB.OQ
RIC,AMRC.N
RIC,AMRH.O
RIC,AMRK.TA
RIC,AMRN.OQ
RIC,AMRX.K
RIC,AMSU.L
RIC,AMSC.OQ
RIC,AMSF.DF
RIC,AMSWA.O
RIC,AMTD.SG
RIC,AMTB.OQ
RIC,AMTBB.OQ
RIC,AMTD.OQ
RIC,AMTX.O
RIC,AMAG.BE
RIC,AMUB.P
RIC,AMWD.OQ
RIC,AMX.C
RIC,LP40209414
RIC,AMZN.OQ
RIC,AN.C
RIC,ANAB.OQ
RIC,ANAT.OQ
RIC,ANCX.OQ
RIC,ANDE.OQ
RIC,ANDX.N
RIC,ANET.K
RIC,ANF.C
RIC,ANFI.CA
RIC,.ANGI
RIC,ANGL.TA
RIC,ANGO.OQ
RIC,ANHJ.J
RIC,ANIK.OQ
RIC,ANIP.MW
RIC,ANIX.O
RIC,ANSS.OQ
RIC,ANTM.JK
RIC,ANYB.BU
RIC,AOA.DF
RIC,AOBC.MW
RIC,ANGJy.BE
RIC,AOK.AX
RIC,AOM.DF
RIC,8304.BE
RIC,AOR.L
RIC,DOX.MU
RIC,AOSL.O
RIC,AP.BK
RIC,APA.P
RIC,APAM.AS
RIC,APBS.KL
RIC,AAPL.BE
RIC,APD.TH
RIC,APDN.O
RIC,APEI.OQ
RIC,APEN.O
RIC,APF.C
RIC,ALAPH.L
RIC,APHA.TO
RIC,APHB.K
RIC,APLE.DY
RIC,APLS.OQ
RIC,APMA.KL
RIC,APO.PS
RIC,APOG.OQ
RIC,APOP.OQ
RIC,APPF.DF
RIC,APPN.O
RIC,APPS.O
