RIC,SANW.O
RIC,SANW.DF
RIC,SAPJ.J
RIC,SAPG.BE
RIC,SAPG.HA
RIC,SAR.L
RIC,SARl.TRE
RIC,SARstat.AX
RIC,SASR.OQ
RIC,SASR.P
RIC,SASR.C
RIC,SATS.O
RIC,SATS.OQ
RIC,SATS.DF
RIC,SAUC.O
RIC,SAUC.PH
RIC,SAUC.Z
RIC,SAVEN.PA
RIC,SAVE.N
RIC,SAVE.DF
RIC,SB.V
RIC,SB.GO
RIC,SB.ALP
RIC,SBAC.OQ
RIC,SBAC.P
RIC,SBAC.C
RIC,SBBP.DF
RIC,SBBP.DY
RIC,SBBP.NB
RIC,SBBX.C
RIC,SBBX.MW
RIC,SBBX.P
RIC,SBCF.OQ
RIC,SBCF.P
RIC,SBCF.C
RIC,SBFG.OQ
RIC,SBFG.P
RIC,SBFG.C
RIC,SBGI.OQ
RIC,SBGI.P
RIC,SBGI.C
RIC,SBGL.K
RIC,SBGL.DG
RIC,SBGL.TH
RIC,SGBI.H
RIC,SGBI.BE
RIC,SBH
RIC,SBI.TO
RIC,SBI.GO
RIC,SBI.CXC
RIC,LP40210580
RIC,SBIO.L
RIC,SBIO.S
RIC,SBLK.C
RIC,SBLK.MW
RIC,SBLK.P
RIC,SBMO.S
RIC,SBM.CS
RIC,SBM.AX
RIC,SBNY.OQ
RIC,SBNY.P
RIC,SBNY.C
RIC,SBOT.O
RIC,SBOT.OQ
RIC,SBOT.P
RIC,SBOW.K
RIC,SBOW.N
RIC,SBOW.B
RIC,SBPH.DF
RIC,SBPH.MW
RIC,SBPH.OQ
RIC,SBR.AX
RIC,SBRstat.AX
RIC,SBR.CHA
RIC,SBRA.OQ
RIC,SBRA.DF
RIC,SBRA.C
RIC,SBSG.MU
RIC,SBSG.SG
RIC,SBSG.D
RIC,SBSI.OQ
RIC,SBSI.P
RIC,SBSI.C
RIC,SABT.PA
RIC,SBKT.NS
RIC,SBKTau.NS
RIC,SBUX.OQ
RIC,SBUX.P
RIC,SBUX.MW
RIC,SC.BK
RIC,SCss.BK
RIC,SCol.BK
RIC,SCAC.OQ
RIC,SCAC.B
RIC,SCAC.MW
RIC,SCACU.O
RIC,SCACU.OQ
RIC,SCACU.B
RIC,LP40215893
RIC,SCAP.ZY
RIC,SCAP.P
RIC,SCC.BK
RIC,SCCss.BK
RIC,SCCol.BK
RIC,SCCO.JK
RIC,SCCOc.JK
RIC,SCCOn.JK
RIC,SCD.MW
RIC,SCD.TH
RIC,SCD.P
RIC,SBSTA.OL
RIC,SBSTAol.OLp
RIC,SCHA.P
RIC,SCHB.P
RIC,SCHB.B
RIC,SCHB.K
RIC,SCHC.P
RIC,SCHC.B
RIC,SCHC.K
RIC,SCHK.BR
RIC,SCHD.P
RIC,SCHD.C
RIC,SCHE.P
RIC,SCHE.B
RIC,SCHE.K
RIC,SCHF.P
RIC,SCHF.B
RIC,SCHF.K
RIC,SCHG.P
RIC,SCHG.B
RIC,SCHG.K
RIC,SCHH.K
RIC,SCHH.Z
RIC,SCHH.DF
RIC,SCHK.K
RIC,SCHK.P
RIC,SCHK.A
RIC,SCHL.OQ
RIC,SCHL.P
RIC,SCHL.C
RIC,SCHM.K
RIC,SCHM.Z
RIC,SCHM.DF
RIC,SCHN.TI
RIC,SCHN.OQ
RIC,SCHN.P
RIC,SCHO.CO
RIC,SCHODKK.xbo
RIC,SCHO.COf
RIC,CCHE.PA
RIC,CCHEEUR.xbo
RIC,SCHP.S
RIC,SCHR.P
RIC,SCHR.B
RIC,SCHR.C
RIC,SCHV.P
RIC,SCHV.B
RIC,SCHV.K
RIC,SCHW.C
RIC,SCHW.MW
RIC,SCHW.P
RIC,SCHX.P
RIC,SCHX.B
RIC,SCHX.K
RIC,SCHZ.B
RIC,SCHZ.C
RIC,SCHZ.P
RIC,SCI.C
RIC,SCI.MW
RIC,SCI.TH
RIC,LP40211848
RIC,SCID.MW
RIC,SCID.NB
RIC,SCIF.P
RIC,SCIF.B
RIC,SCIF.C
RIC,LP40211849
RIC,SCIJ.DG
RIC,SCIJ.Z
RIC,SCIN.L
RIC,SCINGBP.xbo
RIC,SCINl.TRE
RIC,LP40211850
RIC,SCIU.PH
RIC,SCIU.Z
RIC,LP40211847
RIC,SCIX.DG
RIC,SCIX.DY
RIC,SCJ.HN
RIC,SCJf.HN
RIC,SCJ.P
RIC,SCKT.O
RIC,SCKT.DG
RIC,SCKT.ZY
RIC,SLB.BE
RIC,SLB.H
RIC,SCL.L
RIC,SCMG.H
RIC,SCMG.SG
RIC,SCMG.D
RIC,SCO.P
RIC,SCO
RIC,SCO.DF
RIC,SCON.OQ
RIC,SCON.P
RIC,SCON.C
RIC,SCOR.O
RIC,SCOR.OQ
RIC,SCOR.B
RIC,SCPH.O
RIC,SCPH.OQ
RIC,SCPH.B
RIC,SCS.MW
RIC,SCS.TH
RIC,SCS.P
RIC,SCSC.OQ
RIC,SCSC.P
RIC,SCSC.C
RIC,SCTON.L
RIC,ECSCTO.MI
RIC,SCTOl.TRE
RIC,SCVL.OQ
RIC,SCVL.P
RIC,SCVL.C
RIC,SCWX.O
RIC,SCWX.OQ
RIC,SCWX.B
RIC,SCX.MW
RIC,SCX.TH
RIC,SCX.P
RIC,SCYX.O
RIC,SCYX.DF
RIC,SCYX.Z
RIC,SUI.F
RIC,SUI.DEU
RIC,SCBL.LZ
RIC,SD.DF
RIC,SD.EI
RIC,SD.PH
RIC,SDAG.K
RIC,SDAG.A
RIC,SDAG.C
RIC,SDCI.K
RIC,SDCI.P
RIC,SDCI.TH
RIC,SDD
RIC,SDD.DF
RIC,SDD.P
RIC,LP40211230
RIC,SDEM.K
RIC,SDEM.TH
RIC,SDGI.PA
RIC,SDG.AX
RIC,SDGstat.AX
RIC,SDGA.K
RIC,SDGA.A
RIC,SDGA.C
RIC,SDI
RIC,SDI.N
RIC,SDI.B
RIC,SDIV.P
RIC,SDIV.C
RIC,SDIV.MW
RIC,SDLP.C
RIC,SDLP.K
RIC,SDLP.ZY
RIC,LP40199221
RIC,SDOG.B
RIC,SDOG.MW
RIC,SDOW.MW
RIC,SDOW.TH
RIC,SDOW.P
RIC,SDP.L
RIC,SDPGBP.xbo
RIC,SDPl.TRE
RIC,SDPI.B
RIC,SDPI.K
RIC,SDPI.DY
RIC,SDR.V
RIC,SDR.GO
RIC,SDR.ALP
RIC,SDRL.OL
RIC,SDRL.K
RIC,SDRLNOK.xbo
RIC,SDS.TH
RIC,SDS.P
RIC,SDS
RIC,VDNT.PA
RIC,SDT.HN
RIC,SDTf.HN
RIC,SDVY.O
RIC,SDVY.OQ
RIC,SDVY.B
RIC,SDY.L
RIC,SDYGBP.xbo
RIC,SDYl.TRE
RIC,SDYL.B
RIC,SDYL.DG
RIC,SDYL.DY
RIC,SEm.BK
RIC,SEmol.BK
RIC,SEmva.BK
RIC,SEA.TO
RIC,SEA.GO
RIC,SEA.ALP
RIC,SEAC.OQ
RIC,SEAC.P
RIC,SEAC.C
RIC,SEAS.B
RIC,SEAS.DF
RIC,SEAS.DY
RIC,SEB.C
RIC,SEB.MW
RIC,SEB.TH
RIC,SECO.AM
RIC,SECO.O
RIC,SECO.OQ
RIC,SECT.K
RIC,SECT.A
RIC,SECT.C
RIC,SEDG.OQ
RIC,SEDG.P
RIC,SEDG.DG
RIC,SEED.O
RIC,SEED.DF
RIC,SEED.C
RIC,SEF
RIC,SEF.DF
RIC,SEF.P
RIC,SEIC.OQ
RIC,SEIC.P
RIC,SEIC.C
RIC,SELB.O
RIC,SELB.OQ
RIC,SELB.B
RIC,SELF.O
RIC,SELF.PH
RIC,SELF.DY
RIC,SMPV.VI
RIC,SMPVEUR.xbo
RIC,SEM.LS
RIC,SEMG.K
RIC,SEMG.N
RIC,SEMG.P
RIC,SEND.K
RIC,SEND.N
RIC,SEND.B
RIC,SENEA.OQ
RIC,SENEA.P
RIC,SENEA.C
RIC,SENEB.OQ
RIC,SENEB.P
RIC,SENEB.C
RIC,SENS.ST
RIC,SENS.STf
RIC,SENS.CD
RIC,SERV.MKE
RIC,SERV.MW
RIC,SERV.DF
RIC,SDSFa.MU
RIC,SDSFa.SG
RIC,SDSFa.F
RIC,SESN.B
RIC,SESN.P
RIC,SESN.DG
RIC,SF.BK
RIC,SFss.BK
RIC,SFol.BK
RIC,SFBC.O
RIC,SFBC.B
RIC,SFBC.P
RIC,SPBS.PA
RIC,SFBS.MW
RIC,SFBS.DG
RIC,SFE.C
RIC,SFE.MW
RIC,SFE.TH
RIC,SFET.TA
RIC,SFET.O
RIC,SFET.B
RIC,LP40215602
RIC,SFHY.K
RIC,SFHY.C
RIC,LP40215601
RIC,SFIG.K
RIC,SFIG.C
RIC,SFIX.O
RIC,SFIX.OQ
RIC,SFIX.B
RIC,SFL.MW
RIC,SFL.TH
RIC,SFL.P
RIC,SFLY.O
RIC,SFLY.OQ
RIC,SFLY.DF
RIC,SFM.AX
RIC,SFMstat.AX
RIC,SFM.CHA
RIC,SFNC.OQ
RIC,SFNC.P
RIC,SFNC.C
RIC,SFS.CY
RIC,SFSP.WA
RIC,SFS.DF
RIC,SFST.P
RIC,SFST.C
RIC,SFST.DF
RIC,SFUN.N
RIC,SFUN.P
RIC,SFUN.K
RIC,SAEI.MI
RIC,SAEIEUR.xbo
RIC,SG.AD
RIC,SGA.C
RIC,SGA.MW
RIC,SGA.P
RIC,SPRI.KL
RIC,SPRIbi.KL
RIC,SPRIol.KL
RIC,SGBX.L
RIC,SGBSl.TRE
RIC,SGBX.O
RIC,SGC.L
RIC,SGCGBP.xbo
RIC,SGCl.TRE
RIC,LP40211361
RIC,SGDJ.TH
RIC,SGDJ.K
RIC,LP40208388
RIC,SGDM.PH
RIC,SGDM.NB
RIC,SGEN.OQ
RIC,SGEN.P
RIC,SGEN.C
RIC,0886.DEU
RIC,0886.F
RIC,0886.BE
RIC,SGH.HN
RIC,SGHf.HN
RIC,SGH.AX
RIC,SGLB.O
RIC,SGLB.OQ
RIC,SGLB.B
RIC,SGMA.OQ
RIC,SGMA.C
RIC,SGMA.P
RIC,SGMO.OQ
RIC,SGMO.P
RIC,SGMO.C
RIC,SGMS.OQ
RIC,SGMS.P
RIC,SGMS.C
RIC,SGOC.O
RIC,SGOC.OQ
RIC,SGOC.DF
RIC,SGOL.B
RIC,SGOL.P
RIC,SGOL.K
RIC,SGRP.OQ
RIC,SGRP.P
RIC,SGRP.C
RIC,SGRY.B
RIC,SGRY.O
RIC,SGRY.Z
RIC,SGUG.SG
RIC,SGUG.BE
RIC,SGUG.D
RIC,SGYP.O
RIC,SGYP.DY
RIC,SGYP.C
RIC,SH
RIC,SH.P
RIC,SH.DF
RIC,LP40220509
RIC,SHAG.K
RIC,SHAG.C
RIC,SHAK.B
RIC,SHAK.K
RIC,SHAK.DY
RIC,SHBI.OQ
RIC,SHBI.C
RIC,SHBI.P
RIC,LP40215138
RIC,LP68365180
RIC,SHE
RIC,SHEN.OQ
RIC,SHEN.P
RIC,SHEN.C
RIC,0016.BE
RIC,0016.MU
RIC,0016.SG
RIC,0338y.BE
RIC,0338y.MU
RIC,0338y.SG
RIC,SHIP.AM
RIC,SHIP.KW
RIC,SHIP.O
RIC,SHLO.OQ
RIC,SHLO.P
RIC,SHLO.C
RIC,SHLX.K
RIC,SHLX.N
RIC,SHLX.DY
RIC,7309.SG
RIC,7309.BE
RIC,7309.F
RIC,SHO.N
RIC,SHO.TH
RIC,SHO
RIC,SHOO.OQ
RIC,SHOO.P
RIC,SHOO.C
RIC,SHOP.CCP
RIC,SHOP.TO
RIC,SHOP.GO
RIC,SHOS.C
RIC,SHOS.PH
RIC,SHOS.ZY
RIC,SHSP.O
RIC,SHSP.DY
RIC,SHSP.DF
RIC,0697.BE
RIC,0697.F
RIC,0697.SG
RIC,SHW.C
RIC,SHW.MW
RIC,SHW.TH
RIC,SHY.MW
RIC,SHY.OQ
RIC,SHY.O
RIC,LP40206425
RIC,SHYD.PH
RIC,SHYD.K
RIC,SHYG.L
RIC,IHYGl1.TRE
RIC,LP40205220
RIC,SHYL.K
RIC,SHYL.P
RIC,SHYL.TH
RIC,SIBN.RTS
RIC,SIBN.MM
RIC,SIBN.MMS
RIC,SIC.S
RIC,SIC.HN
RIC,SICf.HN
RIC,SID.TH
RIC,SID.P
RIC,SID.MW
RIC,SIy.SG
RIC,SIy.D
RIC,SIy.F
RIC,SIEN.MX
RIC,SIEN.BIV
RIC,SIEN.MCO
RIC,SNRT.BE
RIC,SIF.C
RIC,SIF.MW
RIC,SIFI.P
RIC,SIFI.DF
RIC,SIFI.C
RIC,SIFY.OQ
RIC,SIFY.P
RIC,SIFY.C
RIC,SIG
RIC,SIG.N
RIC,SIG.DF
RIC,SIGA.O
RIC,SIGA.OQ
RIC,SIGA.B
RIC,SIGI.OQ
RIC,SIGI.P
RIC,SIGI.C
RIC,SIJ
RIC,SIJ.DF
RIC,SIJ.P
RIC,STDI.NS
RIC,STDIau.NS
RIC,STDIol.NS
RIC,SILC.OQ
RIC,SILC.C
RIC,SILC.P
RIC,LP40201703
RIC,SILJ.K
RIC,SILJ.PH
RIC,SILV.K
RIC,SILV.N
RIC,SILV.B
RIC,SIMss.BK
RIC,SIMG.BE
RIC,SIMG.F
RIC,SIMO.O
RIC,SIMO.DF
RIC,SIMO.C
RIC,SINA.OQ
RIC,SINA.P
RIC,SINA.MW
RIC,SINO.O
RIC,SINO.OQ
RIC,SINO.DF
RIC,SINT.ST
RIC,SINT.STf
RIC,ROSINT.BX
RIC,SIRI.BK
RIC,SIRIss.BK
RIC,SIRIol.BK
RIC,SITC.C
RIC,SITC.MW
RIC,SITC.TH
RIC,SITE.N
RIC,SITE.K
RIC,SITE.DG
RIC,SITO.O
RIC,SITO.DF
RIC,SITO.DY
RIC,SIVB.OQ
RIC,SIVB.O
RIC,SIVB.DF
RIC,SIVR.B
RIC,SIVR.P
RIC,SIVR.K
RIC,SIZ.P
RIC,SIZ.MW
RIC,SIZ.C
RIC,LP40203105
RIC,SIZE.K
RIC,SIZE.DY
RIC,SJB.P
RIC,SJB.C
RIC,SJB.MW
RIC,SJI.C
RIC,SJI.MW
RIC,SJI.TH
RIC,SJM.C
RIC,SJM.MW
RIC,SJM.TH
RIC,LP40197411
RIC,SJNK.K
RIC,SJNK.B
RIC,SJR.C
RIC,SJR.MW
RIC,SJR.TH
RIC,SJT.C
RIC,SJT.MW
RIC,SJT.TH
RIC,SJW.C
RIC,SJW.MW
RIC,SJW.TH
RIC,SKF.AX
RIC,SKFstat.AX
RIC,SKF.CHA
RIC,SKIS.OQ
RIC,SKIS.P
RIC,SKIS.PH
RIC,SKM.C
RIC,SKM.MW
RIC,SKM.TH
RIC,LP40209535
RIC,SKOR.MW
RIC,SKOR.O
RIC,SKT.AX
RIC,SKT.NZ
RIC,SKTstat.AX
RIC,SKX.C
RIC,SKX.MW
RIC,SKX.TH
RIC,SKY.C
RIC,SKY.MW
RIC,SKY.TH
RIC,SKYS.MW
RIC,SKYS.DG
RIC,SKYS.NB
RIC,SKYW.OQ
RIC,SKYW.P
RIC,SKYW.C
RIC,SKYY.O
RIC,SKYY.OQ
RIC,SKYY.C
RIC,SLAB.OQ
RIC,SLAB.P
RIC,SLAB.MW
RIC,SLB.S
RIC,SLB.C
RIC,SLB.MW
RIC,SLCA.C
RIC,SLCA.K
RIC,SLCA.DF
RIC,SLCT.O
RIC,SLCT.OQ
RIC,SLCT.DF
RIC,SLDB.O
RIC,SLDB.OQ
RIC,SLDB.B
RIC,SLF.PS
RIC,SLF.C
RIC,SLF.MW
RIC,SLG.C
RIC,SLG.MW
RIC,SLG.TH
RIC,SLGL.O
RIC,SLGL.OQ
RIC,SLGL.B
RIC,SLGN.OQ
RIC,SLGN.P
RIC,SLGN.C
RIC,LP40215940
RIC,SLIM.O
RIC,SLIM.OQ
RIC,SLM.C
RIC,SLM.MW
RIC,SLM.P
RIC,SLNO.O
RIC,SLNO.MW
RIC,SLNO.DF
RIC,SLP.C
RIC,SLP.P
RIC,SLP.OQ
RIC,LP40205227
RIC,SLQD.DY
RIC,SLQD.OQ
RIC,SLRC.OQ
RIC,SLRC.DF
RIC,SLRC.C
RIC,SLS.L
RIC,SLSl.TRE
RIC,SLS.OQ
RIC,SLTG.BE
RIC,SLTG.MU
RIC,SLTG.SG
RIC,SNFT.BE
RIC,SLV
RIC,SLV.P
RIC,SLVO.OQ
RIC,SLVO.O
RIC,SLVO.P
RIC,INSLVP.L
RIC,SSLV1.TRE
RIC,LP40196428
RIC,SLX.AX
RIC,SLXstat.AX
RIC,SLX.CHA
RIC,SLY
RIC,SLY.P
RIC,SLY.TH
RIC,SLYG.TH
RIC,SLYG.P
RIC,SLYG.K
RIC,SLYV.TH
RIC,SLYV.P
RIC,SLYV.K
RIC,SM.C
RIC,SM.MW
RIC,SM.TH
RIC,SMAR.JK
RIC,SMARc.JK
RIC,SMARn.JK
RIC,SMBG.F
RIC,SMBG.DEU
RIC,SMB.V
RIC,SMBC.OQ
RIC,SMBC.P
RIC,SMBC.C
RIC,SMBK.O
RIC,SMBK.OQ
RIC,SMBK.B
RIC,LP40211511
RIC,SMCP.B
RIC,SMCP.O
RIC,SMDD.MW
RIC,SMDD.TH
RIC,SMDD.P
RIC,LP40210848
RIC,SMDV.P
RIC,SMDV.K
RIC,SMED.O
RIC,SMED.DF
RIC,SMED.C
RIC,LP40207933
RIC,SMEZ.DG
RIC,SMEZ.NB
RIC,SMFG.K
RIC,SMFG.N
RIC,SMFG.P
RIC,SMG.C
RIC,SMG.MW
RIC,SMG.TH
RIC,LP40195956
RIC,SMH
RIC,SMH.P
RIC,SMHB.K
RIC,SMHB.A
RIC,SMHB.C
RIC,SMHD.P
RIC,SMHD.K
RIC,SMHD.DG
RIC,SMHI.N
RIC,SMHI.K
RIC,SMHI.B
RIC,SMIS.KL
RIC,SMISbi.KL
RIC,SMISol.KL
RIC,SMIN.L
RIC,SMINGBP.xbo
RIC,SMINl.TRE
RIC,SMIT.BK
RIC,SMITol.BK
RIC,SMITva.BK
RIC,LP40211401
RIC,SMLF.P
RIC,SMLF.K
RIC,LP40208462
RIC,SMLL.B
RIC,SMLL.Z
RIC,SMLP.C
RIC,SMLP.K
RIC,SMLP.MW
RIC,LP40202427
RIC,SMLV.DG
RIC,SMLV.DY
RIC,4005.MU
RIC,4005.SG
RIC,4005.F
RIC,SMMD.K
RIC,SMMD.P
RIC,SMMD.TH
RIC,SMMF.O
RIC,SMMF.DF
RIC,SMMF.OQ
RIC,SMMT.JK
RIC,SMMTn.JK
RIC,SMMTc.JK
RIC,SMMU.P
RIC,SMMU.C
RIC,SMMU.MW
RIC,LP40216566
RIC,SMMV.MW
RIC,SMMV.DG
RIC,SMN.AX
RIC,SMNstat.AX
RIC,SMN.CHA
RIC,SMP.AX
RIC,SMPstat.AX
RIC,SMP.CHA
RIC,SPLE.NS
RIC,SPLEau.NS
RIC,SPLEol.NS
RIC,SMRTS.L
RIC,SMRTl.TRE
RIC,SMRT.OQ
RIC,SMSI.OQ
RIC,SMSI.C
RIC,SMSI.P
RIC,SMTA.N
RIC,SMTA.K
RIC,SMTA.A
RIC,SMTC.OQ
RIC,SMTC.P
RIC,SMTC.MW
RIC,SMTS.K
RIC,SMTS.A
RIC,SMTS.B
RIC,SMTX.OQ
RIC,SMTX.P
RIC,SMTX.C
RIC,SN.V
RIC,SN.GO
RIC,SN.ALP
RIC,SNA.C
RIC,SNA.MW
RIC,SNA.TH
RIC,SNAP.K
RIC,SNAP.N
RIC,SNAP.B
RIC,SNBR.OQ
RIC,SNBR.P
RIC,SNBR.C
RIC,SNCR.O
RIC,SNCR.OQ
RIC,SNCR.B
RIC,SND.L
RIC,SNDl.TRE
RIC,SCHN.BE
RIC,SNDE.DF
RIC,SNDE.C
RIC,SNDE.MW
RIC,SNDR.K
RIC,SNDR.N
RIC,SNDR.B
RIC,SNDX.O
RIC,SNDX.C
RIC,SNDX.OQ
RIC,SCHND.S
RIC,SNE.TH
RIC,SNE.P
RIC,SNES.OQ
RIC,SNES.B
RIC,SNES.MW
RIC,SNFCA.OQ
RIC,SNFCA.P
RIC,SNFCA.C
RIC,SNGX.O
RIC,SNGX.OQ
RIC,SNGX.B
RIC,SNH.C
RIC,SNH.MW
RIC,SNH.P
RIC,SNHY.OQ
RIC,SNHY.P
RIC,SNHY.C
RIC,LP40201206
RIC,SNLN.B
RIC,SNLN.DG
RIC,SNMP.P
RIC,SNMP.K
RIC,SNMP.DF
RIC,SNN.C
RIC,SNN.MW
RIC,SNN.TH
RIC,SNOA.OQ
RIC,SNOA.DF
RIC,SNOA.P
RIC,SNP.BK
RIC,SNPss.BK
RIC,SNPol.BK
RIC,SNPS.OQ
RIC,SNPS.P
RIC,SNPS.MW
RIC,SNR.L
RIC,SNRGBP.xbo
RIC,SNRl.TRE
RIC,LP40216709
RIC,SNSR.O
RIC,SNSR.C
RIC,SNSS.O
RIC,SNSS.DF
RIC,SNSS.C
RIC,SNV.C
RIC,SNV.MW
RIC,SNV.TH
RIC,SNXS.L
RIC,SNXl.TRE
RIC,SNX.MW
RIC,SNY.MW
RIC,SNY.P
RIC,SNY.OQ
RIC,DAMA.PA
RIC,SO.C
RIC,SO.MW
RIC,LP40195320
RIC,.SOCL
RIC,SOCL.DF
RIC,SOGO.N
RIC,SOGO.K
RIC,SOGO.A
RIC,SOHO.OQ
RIC,SOHO.O
RIC,SOHO.P
RIC,SOHU.OQ
RIC,SOHU.P
RIC,SOHU.MW
RIC,SOIT.PA
RIC,SOITEUR.xbo
RIC,SOI.V
RIC,SOIL.V
RIC,SOIL.GO
RIC,SOIL.ALP
RIC,SOLB.BE
RIC,SOLB.F
RIC,SOLB.SG
RIC,SOLO.V
RIC,SOLO.GO
RIC,SOLO.ALP
RIC,YSO.LS
RIC,YSOEUR.xbo
RIC,SON.C
RIC,SONA.JK
RIC,SONAc.JK
RIC,SONAn.JK
RIC,SONO.O
RIC,SONO.C
RIC,SONO.B
RIC,SOR.MW
RIC,SOR.TH
RIC,SOR.P
RIC,SORL.O
RIC,SORL.DF
RIC,SORL.OQ
RIC,LP40214959
RIC,.SOVB
RIC,SOVB.K
RIC,SOXL.P
RIC,SOXL.B
RIC,SOXL.K
RIC,SOXS.P
RIC,SOXS.B
RIC,SOXS.K
RIC,SOXX.P
RIC,SOXX.O
RIC,SOXX.DF
RIC,SOYB.L
RIC,SOYB.MI
RIC,SOYBl.TRE
RIC,SP.OQ
RIC,SP.P
RIC,SP.C
RIC,SPA.L
RIC,SPAl.TRE
RIC,SPA.C
RIC,SPAB.K
RIC,SPAB.P
RIC,SPAB.TH
RIC,SPAQ.N
RIC,SPAQ.K
RIC,SPAQ.A
RIC,SPAR.OQ
RIC,SPAR.P
RIC,SPAR.C
RIC,SELS.KL
RIC,SELSbi.KL
RIC,SELSol.KL
RIC,SPCB.O
RIC,SPCB.P
RIC,SPCB.B
RIC,LP40215957
RIC,SPDN.K
RIC,SPDN.P
RIC,SPDV.A
RIC,SPDV.B
RIC,SPDV.TH
RIC,SPDW.TH
RIC,SPDW.P
RIC,SPDW.K
RIC,SPHN.L
RIC,SPEl.TRE
RIC,SPE.C
RIC,SPEM.K
RIC,SPEM.TH
RIC,SPEM.P
RIC,SPEX.OQ
RIC,SPEX.P
RIC,SPEX.C
RIC,LP40199386
RIC,SPFF.B
RIC,SPFF.DG
RIC,SPG.BK
RIC,SPGol.BK
RIC,SPGva.BK
RIC,SPGI.C
RIC,SPGI.MW
RIC,SPGI.TH
RIC,SPH.MW
RIC,SPH.TH
RIC,SPH.P
RIC,SPHB.P
RIC,SPHB.C
RIC,SPHB.MW
RIC,LP40201023
RIC,SPHD.DY
RIC,SPHD.Z
RIC,SPHQ.K
RIC,SPHQ.P
RIC,SPHQ.C
RIC,SPHS.O
RIC,SPHS.ZY
RIC,SPHS.PH
RIC,SPI.BK
RIC,SPIss.BK
RIC,SPIol.BK
RIC,SPIB.P
RIC,SPIB.B
RIC,SPIB.K
RIC,SPKE.O
RIC,SPKE.OQ
RIC,SPKE.MW
RIC,SPLB.B
RIC,SPLB.P
RIC,SPLB.K
RIC,SPLG.K
RIC,SPLG.P
RIC,SPLG.TH
RIC,SPLK.C
RIC,SPLK.MW
RIC,SPLK.DG
RIC,SPLP.K
RIC,SPLP.B
RIC,SPLP.C
RIC,SPLV.P
RIC,SPLV.C
RIC,SPLV.MW
RIC,SPMD.K
RIC,SPMD.P
RIC,SPMD.TH
RIC,LP40213634
RIC,SPMO.K
RIC,SPMO.DF
RIC,SPMV.MI
RIC,SPMV.PA
RIC,SPMV.S
RIC,SPN.C
RIC,SPN.MW
RIC,SPN.TH
RIC,SPNE.O
RIC,SPNE.DF
RIC,SPNE.DY
RIC,SPNS.TA
RIC,SPNS.OQ
RIC,SPNS.P
RIC,SPOK.O
RIC,SPOK.DF
RIC,SPOK.C
RIC,SPOT.K
RIC,SPOT.N
RIC,SPOT.B
RIC,SPPI.OQ
RIC,SPPI.P
RIC,SPPI.C
RIC,SPPP.L
RIC,SPPTl.TRE
RIC,SPPP.C
RIC,SPRGn.BE
RIC,SPRGn.H
RIC,SPRGn.MU
RIC,SPRO.O
RIC,SPRO.OQ
RIC,SPRO.B
RIC,SPRT.OQ
RIC,SPRT.P
RIC,SPRT.MW
RIC,SPSB.P
RIC,SPSB.B
RIC,SPSB.K
RIC,SPSC.O
RIC,SPSC.OQ
RIC,SPSC.DF
RIC,LP40204271
RIC,SPSM.DF
RIC,SPSM.ZY
RIC,SPTL.K
RIC,SPTL.DF
RIC,SPTL.P
RIC,SPTM.TH
RIC,SPTM.K
RIC,SPTM.P
RIC,SPTN.OQ
RIC,SPTN.P
RIC,SPTN.C
RIC,LP40116991
RIC,SPTS.C
RIC,SPTS.MW
RIC,LP40207840
RIC,SPUU.K
RIC,SPUU.TH
RIC,LP40219821
RIC,SPVM.K
RIC,SPVM.C
RIC,LP40213637
RIC,SPVU.TH
RIC,SPVU.K
RIC,SPWH.O
RIC,SPWH.B
RIC,SPWH.DF
RIC,SPWR.DF
RIC,SPWR.O
RIC,SPWR.OQ
RIC,SUZBYy.SG
RIC,SPXB.K
RIC,SPXB.P
RIC,SPXC.C
RIC,SPXC.MW
RIC,SPXC.TH
RIC,LP40213607
RIC,SPXE.P
RIC,SPXE.K
RIC,SPXL.DF
RIC,SPXL.P
RIC,SPXL.K
RIC,LP40213608
RIC,SPXN.P
RIC,SPXN.K
RIC,SPXS.DF
RIC,SPXS.P
RIC,SPXS.K
RIC,LP40213610
RIC,SPXT.P
RIC,SPXT.K
RIC,SPXU.B
RIC,SPXU.P
RIC,SPXU.K
RIC,LP40213609
RIC,SPXV.B
RIC,SPXV.K
RIC,SPXX.TH
RIC,SPXX.MW
RIC,SPXX.N
RIC,SPY.TH
RIC,SPY.P
RIC,SPY.MW
RIC,EMEO.DE
RIC,EMEO.DEU
RIC,EMEO.F
RIC,USDV.DE
RIC,USDV.DEU
RIC,USDV.F
RIC,SPYG.TH
RIC,SPYG.P
RIC,SPYG.K
RIC,SPYV.TH
RIC,SPYV.P
RIC,SPYV.K
RIC,EMSD.DE
RIC,EMSD.DEU
RIC,EMSD.F
RIC,SQBG.O
RIC,SQBG.B
RIC,SQBG.OQ
RIC,SQLV.O
RIC,SQLV.OQ
RIC,SQLV.B
RIC,SQM.MW
RIC,SQM.TH
RIC,SQM.P
RIC,SQNS.N
RIC,SQNS.P
RIC,SQNS.K
RIC,SQQQ.O
RIC,SQQQ.OQ
RIC,SQQQ.DF
RIC,SR.C
RIC,SR.MW
RIC,SR.TH
RIC,SRAX.O
RIC,SRAX.OQ
RIC,SRAX.B
RIC,SRC.L
RIC,SRCl.TRE
RIC,SRC.HM
RIC,SRCE.OQ
RIC,SRCE.P
RIC,SRCE.C
RIC,SRCI.K
RIC,SRCI.A
RIC,SRCI.P
RIC,SRCL.OQ
RIC,SRCL.P
RIC,SRCL.C
RIC,SRDX.OQ
RIC,SRDX.P
RIC,SRDX.C
RIC,SRE.C
RIC,SRE.MW
RIC,SRE.TH
RIC,LP40211231
RIC,.SRET
RIC,SRET.DY
RIC,SREV.O
RIC,SREV.OQ
RIC,SREV.DF
RIC,SRFL.NS
RIC,SRFLau.NS
RIC,SRFLol.NS
RIC,SRG.MI
RIC,SRGEUR.xbo
RIC,SRGtah.MI
RIC,SRI.V
RIC,SRI.GO
RIC,SRI.ALP
RIC,LP40203019
RIC,SRLN.ZY
RIC,SRLN.Z
RIC,SRLP.DF
RIC,SRLP.P
RIC,SRLP.ZY
RIC,SRNE.O
RIC,SRNE.DY
RIC,SRNE.MW
RIC,SRPT.OQ
RIC,SRPT.P
RIC,SRPT.C
RIC,SRRA.B
RIC,SRRA.O
RIC,SRRA.OQ
RIC,SRRK.O
RIC,SRRK.OQ
RIC,SRRK.B
RIC,SRS.AX
RIC,SRSstat.AX
RIC,SRS.CHA
RIC,SATG.HA
RIC,SATG.H
RIC,SATG.SG
RIC,SRTS.O
RIC,SRTS.OQ
RIC,SRTS.B
RIC,SRTY.MW
RIC,SRTY.TH
RIC,SRTY.P
RIC,SRV.AX
RIC,SRVstat.AX
RIC,SRV.CHA
RIC,933392X.F
RIC,933392X.MU
RIC,933392X.BE
RIC,HALLe.BE
RIC,SSB.OQ
RIC,SSB.P
RIC,SSBI.OQ
RIC,SSBI.DF
RIC,SSBI.O
RIC,SNCE.SG
RIC,SNCE.BE
RIC,SNCE.DEU
RIC,SSFN.O
RIC,SSFN.OQ
RIC,SSFN.DF
RIC,SSG
RIC,SSG.DF
RIC,SSG.P
RIC,SSI.BK
RIC,SSIss.BK
RIC,SSIol.BK
RIC,SSKN.O
RIC,SSKN.OQ
RIC,SSKN.DF
RIC,LAZI.MI
RIC,SSL.MW
RIC,SSL.P
RIC,SSLJ.O
RIC,SSLJ.OQ
RIC,SSLJ.B
RIC,SSNC.O
RIC,SSNC.OQ
RIC,SSNC.DF
RIC,SSNT.O
RIC,SSNT.OQ
RIC,SSNT.B
RIC,SSO
RIC,SSO.P
RIC,SSO.DF
RIC,SSP.C
RIC,SSP.MW
RIC,SSP.P
RIC,SSRM.OQ
RIC,SSRM.C
RIC,SSRM.P
RIC,SSTI.O
RIC,SSTI.OQ
RIC,SSTI.B
RIC,SSTK.B
RIC,SSTK.DY
RIC,SSTK.TH
RIC,0178.F
RIC,0178.DEU
RIC,0178.SG
RIC,SSY.L
RIC,SSYl.TRE
RIC,SSY.C
RIC,SSYS.OQ
RIC,SSYS.P
RIC,SSYS.C
RIC,ST.N
RIC,ST.P
RIC,ST
RIC,6923.F
RIC,6923.BE
RIC,6923.DEU
RIC,STAF.L
RIC,STAFl.TRE
RIC,STAF.O
RIC,STAG.L
RIC,STAGl.TRE
RIC,STAG.N
RIC,STAR.KL
RIC,STARbi.KL
RIC,STARol.KL
RIC,STAY.B
RIC,STAY.OQ
RIC,STAY.DG
RIC,STBA.OQ
RIC,STBA.P
RIC,STBA.C
RIC,STC.C
RIC,STC.MW
RIC,STC.TH
RIC,STCN.OQ
RIC,STCN.P
RIC,STCN.C
RIC,STE.V
RIC,STE.GO
RIC,STE.ALP
RIC,STFC.OQ
RIC,STFC.P
RIC,STFC.C
RIC,STGG.BE
RIC,STGG.SG
RIC,STGG.MU
RIC,STI.C
RIC,STI.MW
RIC,STI.TH
RIC,STIM.L
RIC,STIM.MI
RIC,STIMl.TRE
RIC,STIP.TN
RIC,STIP.P
RIC,STIP.C
RIC,ROSTK.BX
RIC,ROSTKdl.BX
RIC,STK.N
RIC,STKL.OQ
RIC,STKL.C
RIC,STKL.P
RIC,STKS.O
RIC,STKS.MW
RIC,STKS.DY
RIC,STLO.L
RIC,STLl.TRE
RIC,EQNRNOK.xbo
RIC,STLD.OQ
RIC,STLD.P
RIC,STLD.C
RIC,STM.MI
RIC,STM.PA
RIC,STMEUR.xbo
RIC,SHMT.KA
RIC,STML.OQ
RIC,STML.MW
RIC,STMP.OQ
RIC,STMP.P
RIC,STMP.MW
RIC,STN
RIC,STN.TO
RIC,STN.N
RIC,STND.O
RIC,STND.OQ
RIC,STND.B
RIC,STNE.OQ
RIC,STNE.O
RIC,STNE.A
RIC,STNGu.J
RIC,STNG.N
RIC,STNG.B
RIC,STNL.O
RIC,STNL.OQ
RIC,STNL.B
RIC,STNLU.OQ
RIC,STNLU.O
RIC,STNLU.A
RIC,STON.N
RIC,STON.P
RIC,STON.C
RIC,STOR.K
RIC,STOR.DG
RIC,STOR.N
RIC,LP40215517
RIC,STOT.K
RIC,STOT.C
RIC,STPP.P
RIC,STPP.C
RIC,STPP.MW
RIC,STPZ.TH
RIC,STPZ.B
RIC,STPZ.P
RIC,STRA.OQ
RIC,STRA.P
RIC,STRA.MW
RIC,STRL.MW
RIC,STRL.P
RIC,STRL.OQ
RIC,STRM.OQ
RIC,STRM.C
RIC,STRM.P
RIC,STRO.O
RIC,STRO.OQ
RIC,STRO.B
RIC,STRS.OQ
RIC,STRS.P
RIC,STRS.C
RIC,STRT.OQ
RIC,STRT.P
RIC,STRT.C
RIC,STT.TH
RIC,STT.P
RIC,STT.MW
RIC,STWD.B
RIC,STWD.N
RIC,STWD.K
RIC,STX.C
RIC,STX.MW
RIC,STX.P
RIC,STXB.OQ
RIC,STXB.O
RIC,STXB.A
RIC,STZ.C
RIC,STZ.MW
RIC,STZ.TH
RIC,STZb.C
RIC,STZb.MW
RIC,STZb.TH
RIC,SCHN.PA
RIC,SCHNEUR.xbo
RIC,SCHN.MI
RIC,SUB.DF
RIC,SUB.P
RIC,SUB
RIC,4204.BE
RIC,4204.F
RIC,4204.DEU
RIC,SUM.TO
RIC,SUM.GO
RIC,SUM.ALP
RIC,BIGol.BK
RIC,SUNU.L
RIC,SUNl.TRE
RIC,SUNS.DF
RIC,SUNS.OQ
RIC,SUNS.C
RIC,SUNW.O
RIC,SUNW.MW
RIC,SUNW.ZY
RIC,SUP.C
RIC,SUP.MW
RIC,SUP.TH
RIC,SUPN.O
RIC,SUPN.DF
RIC,SUPN.C
RIC,SUPV.K
RIC,SUPV.N
RIC,SUPV.B
RIC,SURF.O
RIC,SURF.OQ
RIC,SURF.B
RIC,SUSA.K
RIC,SUSA.P
RIC,SUSA.TH
RIC,SUSB.L
RIC,SUSBl.TRE
RIC,SUSB.O
RIC,SUSC.L
RIC,SUSC.MI
RIC,SUSC.S
RIC,SUZ
RIC,SUZ.N
RIC,SUZ.A
RIC,SVA.OQ
RIC,SVA.C
RIC,SVA.MW
RIC,SVBI.OQ
RIC,SVBI.C
RIC,SVBI.P
RIC,SVME.L
RIC,SVMl.TRE
RIC,SVM
RIC,SVMK.OQ
RIC,SVMK.O
RIC,SVMK.A
RIC,SVRA.C
RIC,SVRA.MW
RIC,SVRA.P
RIC,SVT.L
RIC,SVTGBP.xbo
RIC,SVTl.TRE
RIC,SVVC.O
RIC,SVVC.OQ
RIC,SVVC.DF
RIC,SVXY.P
RIC,SVXY.C
RIC,SVXY.MW
RIC,SWAN.MZ
RIC,SWAN.K
RIC,SWAN.P
RIC,SWCH.K
RIC,SWCH.N
RIC,SWCH.B
RIC,0019.F
RIC,0019.BE
RIC,0019.MU
RIC,SWIR.OQ
RIC,SWIR.P
RIC,SWIR.MW
RIC,SWK.C
RIC,SWK.MW
RIC,SWK.TH
RIC,SWKS.OQ
RIC,SWKS.P
RIC,SWKS.MW
RIC,SWMA.SG
RIC,SWMA.F
RIC,SWMA.BE
RIC,LUV.BE
RIC,LUV.MU
RIC,LUV.F
RIC,SWX.C
RIC,SWX.MW
RIC,SWX.TH
RIC,SWZ.C
RIC,SWZ.MW
RIC,SWZ.TH
RIC,2382.BE
RIC,2382.F
RIC,2382.DEU
RIC,SXCP.B
RIC,SXCP.DY
RIC,SXCP.TH
RIC,SXE.AX
RIC,SXEstat.AX
RIC,SXE.CHA
RIC,SXI.C
RIC,SXI.MW
RIC,SXI.TH
RIC,SXT.C
RIC,SXT.MW
RIC,SXT.TH
RIC,SXTC.O
RIC,SXTC.OQ
RIC,SXTC.B
RIC,SYBT.C
RIC,SYBT.MW
RIC,SYBT.P
RIC,SYBX.DE
RIC,SYBX.DEU
RIC,SYBX.F
RIC,EAEU.PA
RIC,LP60067023
RIC,LP40206386
RIC,SYFR.KL
RIC,SYFRbi.KL
RIC,SYFRol.KL
RIC,LP40206387
RIC,SYG.TH
RIC,SYG.DY
RIC,SYK.BE
RIC,SYK.MU
RIC,SYK.SG
RIC,SYKE.OQ
RIC,SYKE.P
RIC,SYKE.C
RIC,LP40203676
RIC,SYLD.Z
RIC,SYLD.TH
RIC,SYMC.OQ
RIC,SYMC.P
RIC,SYMC.MW
RIC,SYN
RIC,SYN.A
RIC,SYN.P
RIC,SYNA.OQ
RIC,SYNA.P
RIC,SYNA.C
RIC,SYNC.O
RIC,SYNC.DF
RIC,SYNC.MW
RIC,SYNH.O
RIC,SYNH.B
RIC,SYNH.DY
RIC,SYNL.OQ
RIC,SYNL.P
RIC,SYNL.C
RIC,SYPR.OQ
RIC,SYPR.P
RIC,SYPR.C
RIC,SYRS.O
RIC,SYRS.OQ
RIC,SYRS.B
RIC,TDSC.BE
RIC,TDSC.F
RIC,TDSC.DEU
RIC,TRKM.F
RIC,TRKM.DEU
RIC,SYX.MW
RIC,SYY.TH
RIC,SYY.P
RIC,SYY.MW
RIC,LP40200722
RIC,SZC
RIC,SZC.C
RIC,SZK
RIC,SZK.DF
RIC,SZK.P
RIC,SZNE.K
RIC,SZNE.P
RIC,SZNE.TH
RIC,SHLTN.SG
RIC,SHLTN.F
RIC,SHLTN.DEU
RIC,T.C
RIC,T.MW
RIC,T.TH
RIC,TAES.KL
RIC,TAESbi.KL
RIC,TAESol.KL
RIC,CTAN.BE
RIC,TAC.MW
RIC,TAC.TH
RIC,TACO.B
RIC,TACO.DG
RIC,TACO.Z
RIC,TACT.OQ
RIC,TACT.C
RIC,TACT.P
RIC,LP40197636
RIC,TAGS.DF
RIC,TAGS.DG
RIC,TAHO.ZI
RIC,TAHO.K
RIC,TAHO.B
RIC,LP40219820
RIC,TAIL.K
RIC,TAIL.C
RIC,TAIT.OQ
RIC,TAIT.C
RIC,TAIT.P
RIC,TAK.BE
RIC,TAK.TG
RIC,TAK.DEU
RIC,TAL1.F
RIC,TAL.V
RIC,TAL.GO
RIC,TALO.K
RIC,TALO.N
RIC,TALO.B
RIC,TAN.L
RIC,TANl.TRE
RIC,TAN.V
RIC,TANH.O
RIC,TANH.DF
RIC,TANH.MW
RIC,TLO.F
RIC,TLO.DEU
RIC,TAO.TO
RIC,TAOP.O
RIC,TAOP.DF
RIC,TAOP.OQ
RIC,TAP.N
RIC,TAP
RIC,TAP.C
RIC,TAPa.N
RIC,TAPa
RIC,TAPa.C
RIC,TAPR.OQ
RIC,TAPR.MW
RIC,TAPR.DG
RIC,TARO.K
RIC,TARO.DG
RIC,TARO.B
RIC,TAST.L
RIC,TASTl.TRE
RIC,TAST.O
RIC,TAT.A
RIC,TAT.P
RIC,TAT
RIC,TATT.OQ
RIC,TATT.C
RIC,TATT.P
RIC,TAXFI.MM
RIC,TAXF.K
RIC,TAXF.P
RIC,TAYD.OQ
RIC,TAYD.C
RIC,TAYD.P
RIC,TBBK.OQ
RIC,TBBK.P
RIC,TBBK.C
RIC,TBF.B
RIC,TBF.P
RIC,TBF
RIC,TBI.N
RIC,TBI.P
RIC,TBI
RIC,TBIO.OQ
RIC,TBIO.O
RIC,TBIO.A
RIC,TABK.BE
RIC,TABK.MU
RIC,TABK.SG
RIC,TBLT.OQ
RIC,TBLT.O
RIC,TBLT.A
RIC,TBLTU.O
RIC,TBLTU.OQ
RIC,TBLTU.B
RIC,LP40218225
RIC,TBLU.K
RIC,TBLU.C
RIC,TBNK.B
RIC,TBNK.O
RIC,TBNK.C
RIC,TBPH.B
RIC,TBPH.NB
RIC,TBPH.Z
RIC,TBRG.OQ
RIC,TBRG.O
RIC,TBRG.A
RIC,TBRGU.O
RIC,TBRGU.OQ
RIC,TBRGU.B
RIC,4043.BE
RIC,4043.F
RIC,4043.MU
RIC,TBX.HN
RIC,TBXf.HN
RIC,TBX.P
RIC,TC.BK
RIC,TCss.BK
RIC,TCol.BK
RIC,TCBI.OQ
RIC,TCBI.P
RIC,TCBI.C
RIC,TCCO.O
RIC,TCCO.OQ
RIC,TCCO.DF
RIC,TCDA.O
RIC,TCDA.OQ
RIC,TCDA.B
RIC,TCF.C
RIC,TCF.MW
RIC,TCF.TH
RIC,TCFC.O
RIC,TCFC.OQ
RIC,TCFC.DG
RIC,TCI.MW
RIC,TCI.TH
RIC,TCI.P
RIC,TCMD.O
RIC,TCMD.OQ
RIC,TCMD.B
RIC,TSCO.I
RIC,TSCO.BE
RIC,TSCO.MU
RIC,TCON.OQ
RIC,TCON.O
RIC,TCON.DF
RIC,TCP.N
RIC,TCP.C
RIC,TCP
RIC,TCPC.OQ
RIC,TCPC.MW
RIC,TCPC.DY
RIC,TCRD.OQ
RIC,TCRD.DF
RIC,TCRD.C
RIC,TCS.MU
RIC,TCS.SG
RIC,TCS.BE
RIC,LP40217141
RIC,TCTL.K
RIC,TCTL.EI
RIC,TUBA.BE
RIC,TUBA.SG
RIC,TUBA.F
RIC,TD.MW
RIC,TD.TH
RIC,TD.P
RIC,TDAC.OQ
RIC,TDAC.O
RIC,TDAC.A
RIC,TDACU.O
RIC,TDACU.OQ
RIC,TDACU.B
RIC,4319.F
RIC,4319.BE
RIC,4319.DEU
RIC,7885.F
RIC,7885.DEU
RIC,TDF.MW
RIC,TDG.TO
RIC,TDG.GO
RIC,TDG.ALP
RIC,LP40200704
RIC,TDIV.O
RIC,TDIV.OQ
RIC,TDOC.N
RIC,TDOC.K
RIC,TDOC.B
RIC,TDS.C
RIC,TDS.MW
RIC,TDS.TH
RIC,TDTF.P
RIC,TDTF.MW
RIC,TDTF.C
RIC,TDTT.P
RIC,TDTT.MW
RIC,TDTT.C
RIC,TDW.C
RIC,TDW.MW
RIC,TDW.TH
RIC,TDY.C
RIC,TDY.MW
RIC,TDY.TH
RIC,TEAM.BK
RIC,TEAMol.BK
RIC,TEAMva.BK
RIC,TECD.OQ
RIC,TECD.P
RIC,TECD.MW
RIC,TECH.OQ
RIC,TECH.P
RIC,TECH.C
RIC,TECK.K
RIC,TECK.N
RIC,TECK.P
RIC,TECL.P
RIC,TECL.K
RIC,TECL.Z
RIC,TECS.P
RIC,TECS.K
RIC,TECS.Z
RIC,TEDU.C
RIC,TEDU.PH
RIC,TEDU.B
RIC,TEF.MC
RIC,TEF.MI
RIC,TEF.TI
RIC,TEI.TH
RIC,TEI.P
RIC,TEI.MW
RIC,TEL.OL
RIC,TELNOK.xbo
RIC,TEL.S
RIC,BOGr.AT
RIC,TELL.OQ
RIC,TELL.C
RIC,TECN.BE
RIC,TECN.MU
RIC,TECN.SG
RIC,TENB.O
RIC,TENB.OQ
RIC,TENB.B
RIC,TENX.O
RIC,TENX.OQ
RIC,TENX.DF
RIC,TARya.MU
RIC,TARya.BE
RIC,TEO.C
RIC,TER.C
RIC,TER.MW
RIC,TER.P
RIC,LP40218016
RIC,TERM.K
RIC,TERM.P
RIC,TERP.O
RIC,TERP.C
RIC,TERP.Z
RIC,TESS.OQ
RIC,TESS.P
RIC,TESS.C
RIC,LP40220225
RIC,.TETF
RIC,TETF.K
RIC,TEUM.O
RIC,TEUM.OQ
RIC,TEUM.MW
RIC,TEVA.N
RIC,TEVA.P
RIC,TEVA.MW
RIC,TEX.C
RIC,TEX.MW
RIC,TEX.TH
RIC,TFI.BK
RIC,TFIol.BK
RIC,TFIva.BK
RIC,TFIV.K
RIC,TFIV.P
RIC,TFIV.TH
RIC,LP40206538
RIC,TFLO.K
RIC,TFLO.DF
RIC,TFLT.K
RIC,TFLT.P
RIC,TFLT.TH
RIC,TFSL.OQ
RIC,TFSL.DF
RIC,TFSL.O
RIC,TFX.C
RIC,TFX.MW
RIC,TFX.TH
RIC,TG.MW
RIC,TG.TH
RIC,TG.P
RIC,TGA.MW
RIC,TGA.P
RIC,TGA.O
RIC,TGB
RIC,TGB.C
RIC,TGB.P
RIC,TGC.C
RIC,TGC.MW
RIC,TGC.TH
RIC,TGE.TR
RIC,TGE.DF
RIC,TGE
RIC,TGEN.B
RIC,TGEN.O
RIC,TGEN.DF
RIC,TGH.N
RIC,TGH.P
RIC,TGH
RIC,TTI.F
RIC,TTI.DEU
RIC,TGI.C
RIC,TGLS.OQ
RIC,TGLS.C
RIC,TGLS.O
RIC,TGNA.C
RIC,TGNA.MW
RIC,TGNA.TH
RIC,TGP.N
RIC,TGP
RIC,TGP.C
RIC,TGS.AX
RIC,TGSstat.AX
RIC,TGS.CHA
RIC,TGT.C
RIC,TGT.MW
RIC,TGT.TH
RIC,TGTX.O
RIC,TGTX.ZY
RIC,TGTX.P
RIC,THC.C
RIC,THC.MW
RIC,THC.TH
RIC,THD
RIC,THD.P
RIC,THD.DF
RIC,THFF.OQ
RIC,THFF.P
RIC,THFF.C
RIC,THG.C
RIC,THG.MW
RIC,THG.TH
RIC,THM
RIC,THM.A
RIC,THM.DF
RIC,THO.C
RIC,THO.MW
RIC,THO.TH
RIC,THOR.OQ
RIC,THOR.O
RIC,THOR.A
RIC,LP40208561
RIC,THQ.N
RIC,THQ.B
RIC,THRL.L
RIC,THRl.TRE
RIC,OXUREUR.xbo
RIC,THRM.V
RIC,THRM.GO
RIC,THRM.ALP
RIC,TSCM.MU
RIC,TSCM.SG
RIC,TSCM.BE
RIC,THST.OQ
RIC,THST.MW
RIC,THST.DY
RIC,THW.ISD
RIC,LP40212345
RIC,THW.B
RIC,TI.C
RIC,TI.MW
RIC,TI.TH
RIC,TIa.C
RIC,TIa.MW
RIC,TIa.TH
RIC,TIBR.OQ
RIC,TIBR.O
RIC,TIBR.A
RIC,TIBRU.O
RIC,TIBRU.OQ
RIC,TIBRU.B
RIC,TIER.K
RIC,TIER.DG
RIC,TIER.TH
RIC,TIF.MU
RIC,TIF.BE
RIC,TIF.C
RIC,TIGO.O
RIC,TIGO.OQ
RIC,TIGO.A
RIC,TIK.MW
RIC,TIK.TH
RIC,TIK.P
RIC,TILE.OQ
RIC,TILE.P
RIC,TILE.C
RIC,TILT.CD
RIC,TILT.CCP
RIC,TILT.CXC
RIC,TIP.BK
RIC,TIPol.BK
RIC,TIPva.BK
RIC,TIPT.O
RIC,TIPT.B
RIC,TIPT.OQ
RIC,LP40203890
RIC,TIPX.B
RIC,TIPX.TH
RIC,TIPZ.C
RIC,TIPZ.MW
RIC,TIPZ.TH
RIC,TIS.MI
RIC,TISEUR.xbo
RIC,TISG.SG
RIC,TISA.OQ
RIC,TISA.C
RIC,TISA.P
RIC,TITN.O
RIC,TITN.DF
RIC,TITN.OQ
RIC,TIVO.OQ
RIC,TIVO.P
RIC,TIVO.MW
RIC,TJX.MU
RIC,TJX.BE
RIC,TJX.C
RIC,TK.BK
RIC,TKol.BK
RIC,TKva.BK
RIC,TKAT.K
RIC,TKAT.A
RIC,TKAT.B
RIC,TKC.C
RIC,TKC.MW
RIC,TKC.TH
RIC,TKKS.OQ
RIC,TKKS.O
RIC,TKKS.A
RIC,TKKSR.OQ
RIC,TKKSR.O
RIC,TKKSR.A
RIC,TKKSU.Z
RIC,TKKSU.PH
RIC,TKKSU.BT1
RIC,TKAG.VI
RIC,TKR.C
RIC,TKR.MW
RIC,TLC.O
RIC,TLC.OQ
RIC,TLC.B
RIC,LP40213965
RIC,TLDH.P
RIC,TLDH.K
RIC,LP40213966
RIC,TLEH.TH
RIC,TLEH.K
RIC,TLF.C
RIC,TLF.MW
RIC,TLF.P
RIC,TLGT.C
RIC,TLGT.MW
RIC,TLGT.P
RIC,TLH
RIC,TLH.P
RIC,TLH.DF
RIC,TLIG.BE
RIC,TLIG.MU
RIC,TLIG.SG
RIC,TOL.BE
RIC,TOL.F
RIC,TOL.MU
RIC,TLND.OQ
RIC,TLND.B
RIC,TLND.MW
RIC,TLP.C
RIC,TLP.MW
RIC,TLP.TH
RIC,TLRA.N
RIC,TLRA.DG
RIC,TLRA.C
RIC,TLRD.K
RIC,TLRD.N
RIC,TLRD.B
RIC,TLRY.O
RIC,TLRY.OQ
RIC,TLRY.B
RIC,TLSA.O
RIC,TLSA.OQ
RIC,TLSA.B
RIC,TLT.C
RIC,TLT.MW
RIC,TLT.OQ
RIC,LP40200791
RIC,TLTD.DG
RIC,TLTD.TH
RIC,LP40200792
RIC,TLTE.K
RIC,TLTE.B
RIC,TLYS.B
RIC,TLYS.DF
RIC,TLYS.MW
RIC,TLMM.KL
RIC,TLMMbi.KL
RIC,TLMMol.KL
RIC,TMCX.O
RIC,TMCX.OQ
RIC,TMCX.B
RIC,TMCXU.O
RIC,TMCXU.OQ
RIC,TMCXU.B
RIC,TMDI.O
RIC,TMDI.OQ
RIC,TMDI.B
RIC,TMEq.L
RIC,TMEl.TRE
RIC,TME.AX
RIC,TMF.B
RIC,TMF.P
RIC,TMF
RIC,TMFC.K
RIC,TMFC.A
RIC,TMFC.C
RIC,TMHC.K
RIC,TMHC.DG
RIC,TMHC.C
RIC,TMK.C
RIC,TMK.MW
RIC,TMK.TH
RIC,TOM2.S
RIC,TMO.C
RIC,TMO.MW
RIC,TMP.C
RIC,TMP.MW
RIC,TMP.TH
RIC,TMQ
RIC,TMQ.B
RIC,TMQ.DF
RIC,TMSR.OQ
RIC,TMSR.O
RIC,TMSR.MW
RIC,TMST.K
RIC,TMST.TH
RIC,TMST.N
RIC,TMUS.OQ
RIC,TMUS.O
RIC,TMUS.DF
RIC,TMV.B
RIC,TMV.P
RIC,TMV
RIC,TNA.V
RIC,TNA.GO
RIC,TNA.ALP
RIC,TNAV.O
RIC,TNAV.OQ
RIC,TNAV.DF
RIC,TNC.MW
RIC,TNC.TH
RIC,TNC.P
RIC,TNDM.OQ
RIC,TNDM.O
RIC,TNDM.C
RIC,TNET.BR
RIC,TNETEUR.xbo
RIC,TNET.VI
RIC,TNK.TR
RIC,TNK.N
RIC,TNK
RIC,TNP.MW
RIC,TNP.TH
RIC,TNP.P
RIC,TNXP.O
RIC,TNXP.C
RIC,TNXP.Z
RIC,TOCA.O
RIC,TOCA.OQ
RIC,TOCA.B
RIC,5423.BE
RIC,5423.F
RIC,5423.DEU
RIC,TOL.C
RIC,TOL.MW
RIC,TOL.TH
RIC,LP40207105
RIC,TOLZ.K
RIC,TOLZ.P
RIC,TOO.N
RIC,TOO
RIC,TOO.P
RIC,TOPS.OQ
RIC,TOPS.P
RIC,TOPS.MW
RIC,TORC.O
RIC,TORC.OQ
RIC,TORC.B
RIC,TOT.MI
RIC,TOTF.TI
RIC,TOTtah.MI
RIC,TOTFy.BE
RIC,TOTFy.F
RIC,TOTFy.DEU
RIC,TOTAR.O
RIC,TOTAR.OQ
RIC,TOTAR.B
RIC,TOTAU.O
RIC,TOTAU.OQ
RIC,TOTAU.B
RIC,TOTL.JK
RIC,TOTLn.JK
RIC,TOTLc.JK
RIC,TOURq.L
RIC,TOURl.TRE
RIC,TOUR.OQ
RIC,TOWN.O
RIC,TOWN.C
RIC,TOWN.OQ
RIC,TOWR.JK
RIC,TOWRc.JK
RIC,TOWRn.JK
RIC,BNPPp.PA
RIC,TPB
RIC,TPB.DY
RIC,TPCP.KL
RIC,TPCPbi.KL
RIC,TPCPol.KL
RIC,TPCO.B
RIC,TPCO.DG
RIC,TPCO.P
RIC,TPGH.N
RIC,TPGH.K
RIC,TPGH.A
RIC,TPH.TO
RIC,TPH.GO
RIC,TPH.ALP
RIC,TPHS.K
RIC,TPHS.B
RIC,TPHS.DF
RIC,TPIC.Z
RIC,TPIC.DY
RIC,TPIC.DF
RIC,TPL.C
RIC,TPL.MW
RIC,TPL.TH
RIC,TPNL.O
RIC,TPNL.NB
RIC,TPNL.A
RIC,LP40220426
RIC,TPOR.K
RIC,TPOR.P
RIC,TPR.TH
RIC,TPR.P
RIC,TPR.MW
RIC,TPRE.B
RIC,TPRE.K
RIC,TPRE.N
RIC,TPVG.DG
RIC,TPVG.B
RIC,TPVG.P
RIC,7911.BE
RIC,7911.F
RIC,7911.DEU
RIC,LP40211949
RIC,TPYP.K
RIC,TPYP.TH
RIC,TPZ.N
RIC,TPZ.B
RIC,TPZ
RIC,TQQQ.O
RIC,TQQQ.OQ
RIC,TQQQ.DF
RIC,TR.BK
RIC,TRol.BK
RIC,TRva.BK
RIC,TRCG.KL
RIC,TRCGbi.KL
RIC,TRCGol.KL
RIC,TRCB.P
RIC,TRCB.DF
RIC,TRCB.OQ
RIC,TRCH.O
RIC,TRCH.P
RIC,TRCH.ZY
RIC,TRCO.MOT
RIC,TRCO.K
RIC,TRCO.N
RIC,TREC.K
RIC,TREC.N
RIC,TREC.DF
RIC,TREE.L
RIC,TREEl.TRE
RIC,TREE.O
RIC,TREX.C
RIC,TREX.MW
RIC,TREX.TH
RIC,TRGP.N
RIC,TRGP.P
RIC,TRGP.K
RIC,TRHC.O
RIC,TRHC.OQ
RIC,TRHC.B
RIC,TRFT.L
RIC,TRIl.TRE
RIC,TRIA.PA
RIC,TRIB.OQ
RIC,TRIB.C
RIC,TRIB.P
RIC,TRIL.TO
RIC,TRIL.O
RIC,TRIL.GO
RIC,TRIP.O
RIC,TRIP.MW
RIC,TRIP.OQ
RIC,TRMB.OQ
RIC,TRMB.P
RIC,TRMB.MW
RIC,TRMD.O
RIC,TRMD.OQ
RIC,TRMD.B
RIC,TRMK.OQ
RIC,TRMK.P
RIC,TRMK.C
RIC,TRMT.O
RIC,TRMT.OQ
RIC,TRMT.B
RIC,TRN.MI
RIC,TRNEUR.xbo
RIC,TRNtah.MI
RIC,TRNO.N
RIC,TRNO.P
RIC,TRNO.K
RIC,TRNS.OQ
RIC,TRNS.C
RIC,TRNS.P
RIC,TROV.O
RIC,TROV.MW
RIC,TROV.B
RIC,TROW.OQ
RIC,TROW.P
RIC,TROW.C
RIC,TROX.K
RIC,TROX.B
RIC,TROX.DF
RIC,TOWR.L
RIC,TRPl.TRE
RIC,TRP.C
RIC,TRPX.O
RIC,TRPX.B
RIC,TRPX.MW
RIC,TRQ.TO
RIC,TRQ.MW
RIC,TRQ.TH
RIC,TRS.L
RIC,TRSl.TRE
RIC,TRP.MU
RIC,TRST.JK
RIC,TRSTc.JK
RIC,TRSTn.JK
RIC,TRT.L
RIC,TRTl.TRE
RIC,TRT.C
RIC,TRTN.C
RIC,TRTN.N
RIC,TRTN.K
RIC,TRTX.K
RIC,TRTX.N
RIC,TRTX.B
RIC,.TRTY
RIC,TRTY.K
RIC,TRTY.C
RIC,TRU.BK
RIC,TRUol.BK
RIC,TRUva.BK
RIC,TRUE.BK
RIC,TRUEss.BK
RIC,TRUEol.BK
RIC,TRUP.B
RIC,TRUP.C
RIC,TRUP.DF
RIC,TRV.C
RIC,TRV.MW
RIC,TRV.TH
RIC,TRVG.OQ
RIC,TRVG.B
RIC,TRVG.MW
RIC,TRVN.C
RIC,TRVN.PH
RIC,TRVN.O
RIC,TRX.A
RIC,TRX
RIC,TRX.C
RIC,TRXC.K
RIC,TRXC.DG
RIC,TRXC.C
RIC,TS.MW
RIC,TS.TH
RIC,TS.P
RIC,TSBK.OQ
RIC,TSBK.P
RIC,TSBK.C
RIC,TSC.BK
RIC,TSCol.BK
RIC,TSCva.BK
RIC,TSCO.L
RIC,TSCOGBP.xbo
RIC,TSCO.S
RIC,TSE.N
RIC,TSE.DG
RIC,TSE.B
RIC,TSEM.TA
RIC,TSEM.OQ
RIC,TSEM.P
RIC,TSG.L
RIC,TSGl.TRE
RIC,TSGP.WA
RIC,TSIN.BE
RIC,TSIN.MU
RIC,TSIN.SG
RIC,TSLA.OQ
RIC,TSLA.DF
RIC,TSLA.C
RIC,LP40205046
RIC,TSLF.C
RIC,TSLF.K
RIC,TSLX.N
RIC,TSLX.DG
RIC,TSLX.K
RIC,TSM.C
RIC,TSM.MW
RIC,TSM.TH
RIC,TSN.C
RIC,TSN.MW
RIC,TSN.TH
RIC,9715.BE
RIC,9715.MU
RIC,9715.SG
RIC,TSRI.OQ
RIC,TSRI.P
RIC,TSRI.C
RIC,TSSG.MU
RIC,TSSG.F
RIC,TSSG.DEU
RIC,TSTT.L
RIC,TSTl.TRE
RIC,TST.OQ
RIC,TSU.C
RIC,TSU.MW
RIC,TSU.TH
RIC,LP40216788
RIC,TTAC.K
RIC,TTAC.C
RIC,LP40220923
RIC,TTAI.K
RIC,TTAI.C
RIC,TTCGn.H
RIC,TTCGn.MU
RIC,TTCGn.SG
RIC,TTD.V
RIC,TTD.GO
RIC,TTD.ALP
RIC,TTEC.OQ
RIC,TTEC.P
RIC,TTEC.C
RIC,TTEK.OQ
RIC,TTEK.P
RIC,TTEK.C
RIC,TTGT.MW
RIC,TTGT.C
RIC,TTGT.OQ
RIC,TTI.BK
RIC,TTIol.BK
RIC,TTIva.BK
RIC,TTM.N
RIC,TTM
RIC,TTM.P
RIC,TTMI.OQ
RIC,TTMI.P
RIC,TTMI.C
RIC,TTNP.O
RIC,TTNP.B
RIC,TTNP.NB
RIC,TTOO.B
RIC,TTOO.P
RIC,TTOO.PH
RIC,TTP.HNO
RIC,TTPf.HNO
RIC,TTP.TZ
RIC,TTPH.PH
RIC,TTPH.O
RIC,TTPH.DY
RIC,TTS.V
RIC,TTS.GO
RIC,TTS.ALP
RIC,TTT.MI
RIC,LP40126002
RIC,TTT.HN
RIC,TTTN.O
RIC,TTTN.OQ
RIC,TTTN.B
RIC,TTWO.OQ
RIC,TTWO.P
RIC,TTWO.MW
RIC,TU.BK
RIC,TUss.BK
RIC,TUol.BK
RIC,TUES.OQ
RIC,TUES.P
RIC,TUES.C
RIC,TUP.MU
RIC,TUP.SG
RIC,TUP.BE
RIC,TURG.BE
RIC,TURG.H
RIC,TURG.SG
RIC,TURN.OQ
RIC,TURN.P
RIC,TURN.C
RIC,TUSA.O
RIC,TUSA.P
RIC,TUSA.DF
RIC,TUSK.O
RIC,TUSK.OQ
RIC,TUSK.B
RIC,TUZ.B
RIC,TUZ.P
RIC,TUZ
RIC,TV.C
RIC,TV.MW
RIC,TV.TH
RIC,TVIX.P
RIC,TVIX.C
RIC,TVIX.MW
RIC,TVPT.K
RIC,TVPT.MW
RIC,TVPT.DF
RIC,TVTY.OQ
RIC,TVTY.P
RIC,TVTY.MW
RIC,TWI.C
RIC,TWI.MW
RIC,TWI.TH
RIC,TWIN.MW
RIC,TWIN.OQ
RIC,TWIN.O
RIC,TWLO.K
RIC,TWLO.N
RIC,TWLO.C
RIC,TWLV.OQ
RIC,TWLV.O
RIC,TWLV.A
RIC,TWLVR.OQ
RIC,TWLVR.O
RIC,TWLVR.A
RIC,TWLVU.OQ
RIC,TWLVU.O
RIC,TWLVU.A
RIC,TWM
RIC,TWM.DF
RIC,TWM.P
RIC,TWMC.OQ
RIC,TWMC.P
RIC,TWMC.C
RIC,TWN.C
RIC,TWN.MW
RIC,TWN.TH
RIC,TWNK.OQ
RIC,TWNK.O
RIC,TWNK.P
RIC,TWO.N
RIC,TWO
RIC,TWO.P
RIC,TWOU.O
RIC,TWOU.B
RIC,TWOU.P
RIC,TWST.OQ
RIC,TWST.O
RIC,TWST.A
RIC,TWTR.K
RIC,TWTR.B
RIC,TWTR.DF
RIC,TX.C
RIC,TX.MW
RIC,TX.TH
RIC,TXMD.O
RIC,TXMD.OQ
RIC,TXMD.B
RIC,TXN.P
RIC,TXN.MW
RIC,TXN.C
RIC,TXRH.P
RIC,TXRH.DF
RIC,TXRH.O
RIC,TXT.BE
RIC,TXT.MU
RIC,TXT.C
RIC,TY.C
RIC,TY.MW
RIC,TY.TH
RIC,TYBS.P
RIC,TYBS.C
RIC,TYBS.MW
RIC,TYD.TR
RIC,TYD.B
RIC,TYD.P
RIC,TYGG.BE
RIC,TYGG.F
RIC,TYGG.DEU
RIC,TYL.C
RIC,TYL.MW
RIC,TYL.TH
RIC,TYME.O
RIC,TYME.OQ
RIC,TYME.B
RIC,TYNS.P
RIC,TYNS.C
RIC,TYNS.MW
RIC,TYO.B
RIC,TYO.P
RIC,TYO
RIC,TYPE.O
RIC,TYPE.DF
RIC,TYPE.OQ
RIC,TZA.DF
RIC,TZA.P
RIC,TZA
RIC,TZAC.OQ
RIC,TZAC.O
RIC,TZAC.A
RIC,TZACU.O
RIC,TZACU.OQ
RIC,TZACU.B
RIC,TZOO.OQ
RIC,TZOO.P
RIC,TZOO.MW
RIC,UA
RIC,UA.C
RIC,UA.N
RIC,UAA.P
RIC,UAA
RIC,UAA.C
RIC,LP40207451
RIC,UAE.OQ
RIC,UAE.MW
RIC,AMNL.TG
RIC,UAG.P
RIC,UAG.DF
RIC,UAL.O
RIC,UAL.DF
RIC,UAL.OQ
RIC,UAMY.K
RIC,UAMY.B
RIC,UAMY.A
RIC,YRBa.F
RIC,YRBa.DEU
RIC,UAN.N
RIC,UAUD.K
RIC,UAUD.P
RIC,UAUD.TH
RIC,UAVS.K
RIC,UAVS.C
RIC,UAVS.MW
RIC,UBA.C
RIC,UBA.MW
RIC,UBA.TH
RIC,UBCP.OQ
RIC,UBCP.C
RIC,UBCP.P
RIC,UBFO.OQ
RIC,UBFO.P
RIC,UBFO.C
RIC,UBG.P
RIC,UBG.DF
RIC,UBG
RIC,LP40212246
RIC,UBIO.O
RIC,UBIO.OQ
RIC,UBNK.C
RIC,UBNK.O
RIC,UBNK.OQ
RIC,UBNT.OQ
RIC,UBNT.DF
RIC,UBNT.MW
RIC,UBOH.OQ
RIC,UBOH.P
RIC,UBOH.C
RIC,UBOT.DY
RIC,UBOT.ZY
RIC,UBOT.Z
RIC,UBP.C
RIC,UBP.MW
RIC,UBP.TH
RIC,UBR.P
RIC,UBR.C
RIC,UBR.MW
RIC,UBS.MC
RIC,UBSss.MC
RIC,UBS.MC1
RIC,UBSH.OQ
RIC,UBSH.P
RIC,UBSH.C
RIC,UBSI.OQ
RIC,UBSI.P
RIC,UBSI.C
RIC,UBT.P
RIC,UBT.C
RIC,UBT.MW
RIC,UBX.O
RIC,UBX.OQ
RIC,UBX.B
RIC,UCBI.OQ
RIC,UCBI.P
RIC,UCBI.C
RIC,UCC
RIC,UCC.DF
RIC,UCC.P
RIC,UCFC.OQ
RIC,UCFC.P
RIC,UCFC.C
RIC,UCHF.K
RIC,UCHF.P
RIC,UCHF.TH
RIC,UCI.PL
RIC,UCI.P
RIC,UCI.DF
RIC,UCIB.B
RIC,UCIB.K
RIC,UCIB.Z
RIC,UCO.P
RIC,UCO
RIC,UCO.DF
RIC,UCON.K
RIC,UCON.P
RIC,UCON.TH
RIC,UCTT.OQ
RIC,UCTT.P
RIC,UCTT.C
RIC,LP40214261
RIC,UDBI.O
RIC,UDBI.OQ
RIC,UDN
RIC,UDN.P
RIC,UDN.DF
RIC,UDOW.C
RIC,UDOW.MW
RIC,UDOW.TH
RIC,UDR.C
RIC,UDR.MW
RIC,UDR.TH
RIC,UE.B
RIC,UE
RIC,UE.MW
RIC,VDEG.MU
RIC,VDEG.SG
RIC,UECm.BK
RIC,UEIC.OQ
RIC,UEIC.P
RIC,UEIC.C
RIC,UEPS.O
RIC,UEPS.DF
RIC,UEPS.OQ
RIC,987183X.BE
RIC,987183X.H
RIC,987183X.D
RIC,UEVM.K
RIC,UEVM.A
RIC,UEVM.P
RIC,UFAB.DF
RIC,UFAB.K
RIC,UFAB.P
RIC,UFCS.OQ
RIC,UFCS.P
RIC,UFCS.C
RIC,UFI.C
RIC,UFI.MW
RIC,UFI.TH
RIC,UFPI.OQ
RIC,UFPI.P
RIC,UFPI.C
RIC,UFPT.OQ
RIC,UFPT.C
RIC,UFPT.P
RIC,UFS.TO
RIC,UFS.N
RIC,UFS
RIC,PEUP.PA
RIC,PEUPEUR.xbo
RIC,PEUP.S
RIC,UGA
RIC,UGA.DF
RIC,UGA.P
RIC,UGAZ.K
RIC,UGAZ.TH
RIC,UGAZ.C
RIC,UGBP.K
RIC,UGBP.P
RIC,UGBP.TH
RIC,UGEG.F
RIC,UGEG.DEU
RIC,UGEG.MU
RIC,7649.MU
RIC,7649.F
RIC,7649.DEU
RIC,GROWa.BE
RIC,GROWa.F
RIC,GROWa.DEU
RIC,UGLD.P
RIC,UGLD.C
RIC,UGLD.MW
RIC,UGP.C
RIC,UGP.MW
RIC,UGP.TH
RIC,UHAL.OQ
RIC,UHAL.P
RIC,UHAL.C
RIC,UHS.BE
RIC,UHS.C
RIC,UHS.MW
RIC,UHT.MW
RIC,UHT.TH
RIC,UHT.P
RIC,UIHC.O
RIC,UIHC.DF
RIC,UIHC.B
RIC,UIS.S
RIC,UIS.C
RIC,UIS.MW
RIC,UITB.K
RIC,UITB.A
RIC,UITB.P
RIC,UIVM.K
RIC,UIVM.A
RIC,UIVM.P
RIC,UJB.P
RIC,UJB.C
RIC,UJB.MW
RIC,UJPY.K
RIC,UJPY.P
RIC,UJPY.TH
RIC,UJUL.K
RIC,UJUL.P
RIC,UJUL.TH
RIC,URWEUR.xbo
RIC,UNBP.VI
RIC,UL.C
RIC,ULBI.OQ
RIC,ULBI.P
RIC,ULBI.C
RIC,ULBR.P
RIC,ULBR.DG
RIC,ULBR.A
RIC,ULE.L
RIC,ULEGBP.xbo
RIC,ULEl.TRE
RIC,ULH.O
RIC,ULH.DF
RIC,ULH.P
RIC,LP40205160
RIC,ULST.PH
RIC,ULST.P
RIC,ULTA.O
RIC,ULTA.OQ
RIC,ULTA.DF
RIC,ULTI.OQ
RIC,ULTI.P
RIC,ULTI.C
RIC,ULVM.K
RIC,ULVM.A
RIC,ULVM.P
RIC,UMBF.OQ
RIC,UMBF.P
RIC,UMBF.C
RIC,UMC.C
RIC,UMC.MW
RIC,UMC.TH
RIC,UMDD.MW
RIC,UMDD.TH
RIC,UMDD.P
RIC,UMH.C
RIC,UMH.MW
RIC,UMH.TH
RIC,UMPQ.OQ
RIC,UMPQ.P
RIC,UMPQ.C
RIC,UMRX.O
RIC,UMRX.OQ
RIC,UMRX.B
RIC,UNc.S
RIC,UN.C
RIC,UN.MW
RIC,UNAM.OQ
RIC,UNAM.P
RIC,UNAM.C
RIC,UNB.MW
RIC,UNB.P
RIC,UNB.OQ
RIC,UNF.C
RIC,UNF.MW
RIC,UNF.TH
RIC,UNFI.N
RIC,UNFI.P
RIC,UNFI.C
RIC,UNG.L
RIC,UNGl.TRE
RIC,UNG
RIC,UNIT.JK
RIC,UNITc.JK
RIC,UNITn.JK
RIC,UNL.P
RIC,UNL.C
RIC,UNL.MW
RIC,UNM.C
RIC,UNM.MW
RIC,UNM.TH
RIC,UNP.BE
RIC,UNP.C
RIC,UNP.MW
